cluster,n_teams,avg_winPlacePerc,top25_rate,avg_kills_sum,avg_damageDealt_sum,avg_DBNOs_sum,avg_assists_sum,avg_revives_sum,avg_boosts_sum,avg_heals_sum,avg_walkDistance_sum,avg_rideDistance_sum,avg_totalDistance_sum,avg_kills_mean,avg_damageDealt_mean,avg_boosts_mean,avg_topKillShare,avg_topDamageShare
1,37052,0.9157107146712613,0.9304490985641801,8.592815502536975,1008.9553974603251,4.778689409478571,2.2448990607794452,1.2559376012091115,8.90192162366404,9.264978948504805,5431.744221556193,2789.39212769891,8237.479240615887,4.296407751268488,504.47769873016256,4.45096081183202,0.7337161879635661,0.7012918918202266
4,111732,0.7972788681845225,0.6733344073318297,3.710924354705903,481.01980521873753,2.2359932696094225,0.91833136433609,0.7368703683814842,5.286838148426592,6.517318225754484,4427.400857555589,2449.8971767443563,6895.753517985005,1.8554621773529516,240.50990260936877,2.643419074213296,0.7787810011061942,0.7190292555122285
2,99655,0.6921095399126581,0.39867543023430835,0.7471677286638905,151.11728190055578,0.6279765189905173,0.19204254678641314,0.25348452159951834,2.894897396016256,3.096121619587577,3794.89509946215,2824.7157183232207,6639.507522849826,0.37358386433194524,75.55864095027789,1.447448698008128,0.36613104500882,0.7148277481088943
0,143575,0.3657823256138016,0.03283301410412676,1.8452446456555807,244.81210294271565,1.3192408149051018,0.34051889256486156,0.2120633815079227,0.6374368796796099,1.2057182657147831,950.748995641307,165.26744232282758,1117.5904991830052,0.9226223228277903,122.40605147135783,0.31871843983980497,0.8977487275664955,0.8064409853585527
3,154862,0.266506609110048,0.01758339683072671,0.03906058297064483,71.09975305433049,0.2758326768348594,0.04025519494775994,0.05900091694540946,0.11013030956593613,0.3082680063540442,762.760283073321,236.99595455954335,1001.5398806078971,0.019530291485322416,35.549876527165246,0.055065154782968063,0.011832032415245167,0.6443554237571659
