heal_group,boost_group,n_teams,avg_winPlacePerc,top25_rate,avg_heals_sum,avg_boosts_sum
some_heals,high_boosts,24373,0.9334562548721784,0.9751364214499652,10.72715710006975,12.020965822836745
low_or_no_heals,high_boosts,918,0.929132026143791,0.9727668845315904,0.6666666666666666,11.485838779956428
some_heals,not_high_boosts,216554,0.7040284400196705,0.48548629902934143,6.0327401017760005,3.826615994163119
low_or_no_heals,not_high_boosts,343720,0.37321139212147453,0.10453275922262306,0.2472710345630164,0.6805073897358315
