heal_group,boost_group,n_rows,avg_winPlacePerc,top25_rate,avg_heals,avg_boosts
some_heals,high_boosts,24299,0.9332030988929645,0.9795876373513314,5.057821309518911,7.197292069632495
low_or_no_heals,high_boosts,2907,0.915074888200894,0.9490884072927417,0.0,6.962848297213622
some_heals,not_high_boosts,201577,0.7029126671197622,0.47918165266870727,2.9001919861889007,1.9920278603213661
low_or_no_heals,not_high_boosts,440327,0.3869406625076388,0.11711750585360425,0.0,0.3342197957427094
