cluster,n_rows,avg_winPlacePerc,top25_rate,avg_kills,avg_damageDealt,avg_boosts,avg_heals,avg_walkDistance,avg_rideDistance,avg_totalDistance,avg_weaponsAcquired,avg_supportActions,avg_combatContribution
2,44806,0.8934746417890371,0.8874704280676695,4.943980716868277,526.223703075481,4.873387492746507,3.789804936838816,2527.8862960317806,874.2398396420115,3413.533630556176,5.659219747355265,0.06135339017095925,5.005334107039236
3,46260,0.807946152183303,0.7036100302637268,0.9462602680501513,119.72428070255074,2.9359273670557715,4.45451794206658,2239.0751195417197,3894.222877952876,6157.239422760487,5.596887159533074,0.008171206225680934,0.9544314742758323
0,184798,0.67636278909945,0.3965464994209894,1.314516390870031,160.01171789034436,1.669758330717865,1.2119557570969384,1459.2120998116866,273.34862191528026,1738.9553870978018,4.756707323672334,0.0,1.314516390870031
4,34837,0.6327132301862965,0.45893733673967335,1.4414846284123202,222.44916553090133,1.8366679105548698,1.589631713408158,1414.0968916927418,672.0947039326003,2093.2360421017843,4.164221947928926,1.058701954818153,2.5001865832304735
1,358409,0.31518889676319406,0.03666760600319746,0.2368857924884699,41.7216453660468,0.047755497211286545,0.14590872439029154,364.2826817312066,81.63938486031323,447.2834360641065,2.491603168447221,0.0,0.2368857924884699
