heal_group,boost_group,n_teams,avg_winPlacePerc,top25_rate,avg_heals_sum,avg_boosts_sum
some_heals,high_boosts,18719,0.9264237886639235,0.9513328703456381,18.430044339975424,17.843154014637534
low_or_no_heals,high_boosts,274,0.9257638686131388,0.9525547445255474,1.5218978102189782,16.704379562043794
some_heals,not_high_boosts,190494,0.6930492892164637,0.4704610118953878,9.349596312744758,6.052453095635558
low_or_no_heals,not_high_boosts,209557,0.37532635893815286,0.1107001913560511,0.575795606923176,1.2161512142281097
