cluster,n_teams,avg_winPlacePerc,top25_rate,avg_kills_sum,avg_damageDealt_sum,avg_DBNOs_sum,avg_assists_sum,avg_revives_sum,avg_boosts_sum,avg_heals_sum,avg_walkDistance_sum,avg_rideDistance_sum,avg_totalDistance_sum,avg_kills_mean,avg_damageDealt_mean,avg_boosts_mean,avg_topKillShare,avg_topDamageShare
1,13839,0.9316179420478398,0.9432762482838355,13.930703085483055,1680.2776684442526,10.957366861767468,5.4903533492304355,2.7546788062721297,14.739937856781559,16.845725847243298,11037.485523549398,5426.728265293731,16489.445744764816,3.4826757713707637,420.06941711106316,3.6849844641953897,0.517537338530313,0.48035504895838593
3,36041,0.8180481229710559,0.7105518714797037,6.839682583724092,910.5577674676057,5.756527288366027,2.5984573125052024,1.9473100080463916,10.160317416275907,13.168280569351571,9649.962986157423,4455.139458058877,14137.998801761849,1.709920645931023,227.63944186690142,2.540079354068977,0.553855526784741,0.4855535513060691
2,29731,0.7156470989875969,0.4522552218223403,2.136524166694696,372.2916584877739,2.1568060273788303,0.8136625071474218,0.8854394403148229,6.539201506844708,7.882782281120716,9204.097047004807,5979.205905146147,15225.367169069325,0.534131041673674,93.07291462194347,1.634800376711177,0.5554419584384903,0.562623973051685
0,38266,0.3958641901426813,0.031333298489520725,2.7064495897141065,424.52912581665134,2.9376469973344483,0.7846129723514347,0.7486802905973972,2.15431453509643,3.4041185386504993,2752.699052466936,577.5271773558774,3334.5642662938317,0.6766123974285266,106.13228145416284,0.5385786337741075,0.6045601795515082,0.5688469989260792
4,35541,0.20516370107762827,0.005205255901634732,1.3405644185588474,255.81184308545033,1.7804788835429504,0.39528994682198026,0.23195745758419853,0.020624067977828422,0.6424411243352748,1266.3436864494543,277.1651755437381,1545.8235507582804,0.33514110463971186,63.952960771362584,0.0051560169944571054,0.5072438651720778,0.618226424557401
